# X,Y,Z,Px,Py,Pz
569.8000000000,0.0000000000,-1443.7500000000,-619.8000000000,-1.5185682774,-74.4428710937
